ID,Area,Header,Group,Description,Value Type,Value,NC,CPA,Unipoint Schema Name,Blank Test
1,0.Preliminary,Organization,N/A,Organization,String,Acutec,FALSE,FALSE,0,Null
2,0.Preliminary,Customer,N/A,Customer,String,0,TRUE,FALSE,CUSTOMER,Null
3,0.Preliminary,ACUTEC Notification #,N/A,ACUTEC Notification #,String,0,FALSE,FALSE,0,Null
4,0.Preliminary,Customer's Complaint #,N/A,Customer's Complaint #,String,0,FALSE,FALSE,0,Null
5,0.Preliminary,ACUTEC Part/Material# or Process,N/A,ACUTEC Part/Material# or Process,String,0,TRUE,FALSE,MATERIAL,Null
6,0.Preliminary,Customer's Part/Material #,N/A,Customer's Part/Material #,String,0,FALSE,FALSE,0,Null
7,0.Preliminary,ACUTEC Lot # or Batch #,N/A,ACUTEC Lot # or Batch #,String,0,TRUE,FALSE,LOT,Null
8,0.Preliminary,"Affected Serial #s, if applicable",N/A,"Affected Serial #s, if applicable",String,0,TRUE,FALSE,SERIAL,Null
9,0.Preliminary,Date of Occurrence/Complaint,N/A,Date of Occurrence/Complaint,Date,1/0/1900,TRUE,FALSE,NCR_DATE,Null
10,0.Preliminary,Required Response Date,N/A,Required Response Date,Date,1/0/1900,TRUE,FALSE,DUE_DATE,Null
11,0.Preliminary,Revised CA Response Date,N/A,Revised CA Response Date,Date,1/0/1900,FALSE,TRUE,CPA_DATE,Null
12,0.Preliminary,Purchase Order/Work Order #,N/A,Purchase Order/Work Order #,Date,1/0/1900,TRUE,FALSE,CUSTOMER_PO,Null
13,0.Preliminary,Quantity Rejected,N/A,Quantity Rejected,Integer,0,TRUE,FALSE,QTY_REJECTED,Null
14,0.Preliminary,Cure Date,N/A,Cure Date,Date,1/0/1900,FALSE,FALSE,0,Null
15,1.Define the problem,IS Complete,N/A,IS Complete,Boolean,FALSE,FALSE,FALSE,0,Null
16,1.Define the problem,IS N/A,N/A,IS N/A,Boolean,FALSE,FALSE,FALSE,0,Null
17,1.Define the problem,Project Title/Theme,N/A,Project Title/Theme,String,0,TRUE,FALSE,DESCRIPTION,Null
18,1.Define the problem,Clarify the Problem,N/A,Where was the nonconformance discovered?,String,ACUTEC Internal ,FALSE,FALSE,0,Null
19,1.Define the problem,Historical Data,N/A,Is this a repeat issue?,String,No,FALSE,FALSE,0,Null
20,1.Define the problem,Describe the Problem,N/A,Requirement,String,0,FALSE,FALSE,0,Null
21,1.Define the problem,Describe the Problem,N/A,Nonconformance,String,0,FALSE,FALSE,0,Null
22,1.Define the problem,Describe the Problem,N/A,Objective Evidence,String,0,FALSE,FALSE,0,Null
23,2.Identify the team,Name,Team Leader,Name,String,0,FALSE,FALSE,0,Null
24,2.Identify the team,Title,Team Leader,Title,String,0,FALSE,FALSE,0,Null
25,2.Identify the team,Organization,Team Leader,Organization,String,0,FALSE,FALSE,0,Null
26,2.Identify the team,Contact Info,Team Leader,Contact Info,String,0,FALSE,FALSE,0,Null
27,2.Identify the team,Name,Team Member 1,Name,String,0,FALSE,FALSE,0,Null
28,2.Identify the team,Title,Team Member 1,Title,String,0,FALSE,FALSE,0,Null
29,2.Identify the team,Organization,Team Member 1,Organization,String,0,FALSE,FALSE,0,Null
30,2.Identify the team,Contact Info,Team Member 1,Contact Info,String,0,FALSE,FALSE,0,Null
31,2.Identify the team,Name,Team Member 2,Name,String,0,FALSE,FALSE,0,Null
32,2.Identify the team,Title,Team Member 2,Title,String,0,FALSE,FALSE,0,Null
33,2.Identify the team,Organization,Team Member 2,Organization,String,0,FALSE,FALSE,0,Null
34,2.Identify the team,Contact Info,Team Member 2,Contact Info,String,0,FALSE,FALSE,0,Null
35,2.Identify the team,Name,Team Member 3,Name,String,0,FALSE,FALSE,0,Null
36,2.Identify the team,Title,Team Member 3,Title,String,0,FALSE,FALSE,0,Null
37,2.Identify the team,Organization,Team Member 3,Organization,String,0,FALSE,FALSE,0,Null
38,2.Identify the team,Contact Info,Team Member 3,Contact Info,String,0,FALSE,FALSE,0,Null
39,2.Identify the team,Name,Team Member 4,Name,String,0,FALSE,FALSE,0,Null
40,2.Identify the team,Title,Team Member 4,Title,String,0,FALSE,FALSE,0,Null
41,2.Identify the team,Organization,Team Member 4,Organization,String,0,FALSE,FALSE,0,Null
42,2.Identify the team,Contact Info,Team Member 4,Contact Info,String,0,FALSE,FALSE,0,Null
43,2.Identify the team,Name,Team Member 5,Name,String,0,FALSE,FALSE,0,Null
44,2.Identify the team,Title,Team Member 5,Title,String,0,FALSE,FALSE,0,Null
45,2.Identify the team,Organization,Team Member 5,Organization,String,0,FALSE,FALSE,0,Null
46,2.Identify the team,Contact Info,Team Member 5,Contact Info,String,0,FALSE,FALSE,0,Null
47,2.Identify the team,Name,Team Member 6,Name,String,0,FALSE,FALSE,0,Null
48,2.Identify the team,Title,Team Member 6,Title,String,0,FALSE,FALSE,0,Null
49,2.Identify the team,Organization,Team Member 6,Organization,String,0,FALSE,FALSE,0,Null
50,2.Identify the team,Contact Info,Team Member 6,Contact Info,String,0,FALSE,FALSE,0,Null
51,2.Identify the team,Name,Team Member 7,Name,String,0,FALSE,FALSE,0,Null
52,2.Identify the team,Title,Team Member 7,Title,String,0,FALSE,FALSE,0,Null
53,2.Identify the team,Organization,Team Member 7,Organization,String,0,FALSE,FALSE,0,Null
54,2.Identify the team,Contact Info,Team Member 7,Contact Info,String,0,FALSE,FALSE,0,Null
55,2.Identify the team,Name,Team Member 8,Name,String,0,FALSE,FALSE,0,Null
56,2.Identify the team,Title,Team Member 8,Title,String,0,FALSE,FALSE,0,Null
57,2.Identify the team,Organization,Team Member 8,Organization,String,0,FALSE,FALSE,0,Null
58,2.Identify the team,Contact Info,Team Member 8,Contact Info,String,0,FALSE,FALSE,0,Null
59,2.Identify the team,Name,Team Member 9,Name,String,0,FALSE,FALSE,0,Null
60,2.Identify the team,Title,Team Member 9,Title,String,0,FALSE,FALSE,0,Null
61,2.Identify the team,Organization,Team Member 9,Organization,String,0,FALSE,FALSE,0,Null
62,2.Identify the team,Contact Info,Team Member 9,Contact Info,String,0,FALSE,FALSE,0,Null
63,2.Identify the team,Name,Team Member 10,Name,String,0,FALSE,FALSE,0,Null
64,2.Identify the team,Title,Team Member 10,Title,String,0,FALSE,FALSE,0,Null
65,2.Identify the team,Organization,Team Member 10,Organization,String,0,FALSE,FALSE,0,Null
66,2.Identify the team,Contact Info,Team Member 10,Contact Info,String,0,FALSE,FALSE,0,Null
67,2.Identify the team,Name,Team Member 11,Name,String,0,FALSE,FALSE,0,Null
68,2.Identify the team,Title,Team Member 11,Title,String,0,FALSE,FALSE,0,Null
69,2.Identify the team,Organization,Team Member 11,Organization,String,0,FALSE,FALSE,0,Null
70,2.Identify the team,Contact Info,Team Member 11,Contact Info,String,0,FALSE,FALSE,0,Null
71,2.Identify the team,Name,Team Member 12,Name,String,0,FALSE,FALSE,0,Null
72,2.Identify the team,Title,Team Member 12,Title,String,0,FALSE,FALSE,0,Null
73,2.Identify the team,Organization,Team Member 12,Organization,String,0,FALSE,FALSE,0,Null
74,2.Identify the team,Contact Info,Team Member 12,Contact Info,String,0,FALSE,FALSE,0,Null
75,2.Identify the team,Name,Team Member 13,Name,String,0,FALSE,FALSE,0,Null
76,2.Identify the team,Title,Team Member 13,Title,String,0,FALSE,FALSE,0,Null
77,2.Identify the team,Organization,Team Member 13,Organization,String,0,FALSE,FALSE,0,Null
78,2.Identify the team,Contact Info,Team Member 13,Contact Info,String,0,FALSE,FALSE,0,Null
79,2.Identify the team,Name,Team Member 14,Name,String,0,FALSE,FALSE,0,Null
80,2.Identify the team,Title,Team Member 14,Title,String,0,FALSE,FALSE,0,Null
81,2.Identify the team,Organization,Team Member 14,Organization,String,0,FALSE,FALSE,0,Null
82,2.Identify the team,Contact Info,Team Member 14,Contact Info,String,0,FALSE,FALSE,0,Null
83,3.Containment and Immediate Action,Details of Containment Action Taken,At Customer,Details,String,0,FALSE,FALSE,0,Null
84,3.Containment and Immediate Action,Details of Containment Action Taken,Acutec WIP,Details,String,0,FALSE,FALSE,0,Null
85,3.Containment and Immediate Action,Details of Containment Action Taken,Acutec Stock,Details,String,0,FALSE,FALSE,0,Null
86,3.Containment and Immediate Action,Details of Containment Action Taken,At Supplier,Details,String,0,FALSE,FALSE,0,Null
87,3.Containment and Immediate Action,Details of Containment Action Taken,In Transit,Details,String,0,FALSE,FALSE,0,Null
88,3.Containment and Immediate Action,Details of Containment Action Taken,Consignment,Details,String,0,FALSE,FALSE,0,Null
89,3.Containment and Immediate Action,Details of Containment Action Taken,Distributor,Details,String,0,FALSE,FALSE,0,Null
90,3.Containment and Immediate Action,Details of Containment Action Taken,Enter Location,Details,String,0,FALSE,FALSE,0,Null
91,3.Containment and Immediate Action,Details of Containment Action Taken,Enter Location,Details,String,0,FALSE,FALSE,0,Null
92,3.Containment and Immediate Action,Details of Containment Action Taken,Enter Location,Details,String,0,FALSE,FALSE,0,Null
93,3.Containment and Immediate Action,Details of Containment Action Taken,Enter Location,Details,String,0,FALSE,FALSE,0,Null
94,3.Containment and Immediate Action,Potential Areas Affected,At Customer,Yes,Boolean,FALSE,FALSE,FALSE,0,Null
95,3.Containment and Immediate Action,Potential Areas Affected,Acutec WIP,Yes,Boolean,FALSE,FALSE,FALSE,0,Null
96,3.Containment and Immediate Action,Potential Areas Affected,Acutec Stock,Yes,Boolean,FALSE,FALSE,FALSE,0,Null
97,3.Containment and Immediate Action,Potential Areas Affected,At Supplier,Yes,Boolean,FALSE,FALSE,FALSE,0,Null
98,3.Containment and Immediate Action,Potential Areas Affected,In Transit,Yes,Boolean,FALSE,FALSE,FALSE,0,Null
99,3.Containment and Immediate Action,Potential Areas Affected,Consignment,Yes,Boolean,FALSE,FALSE,FALSE,0,Null
100,3.Containment and Immediate Action,Potential Areas Affected,Distributor,Yes,Boolean,FALSE,FALSE,FALSE,0,Null
101,3.Containment and Immediate Action,Potential Areas Affected,Enter Location,Yes,Boolean,FALSE,FALSE,FALSE,0,Null
102,3.Containment and Immediate Action,Potential Areas Affected,Enter Location,Yes,Boolean,FALSE,FALSE,FALSE,0,Null
103,3.Containment and Immediate Action,Potential Areas Affected,Enter Location,Yes,Boolean,FALSE,FALSE,FALSE,0,Null
104,3.Containment and Immediate Action,Potential Areas Affected,Enter Location,Yes,Boolean,FALSE,FALSE,FALSE,0,Null
105,3.Containment and Immediate Action,Potential Areas Affected,At Customer,No,Boolean,FALSE,FALSE,FALSE,0,Null
106,3.Containment and Immediate Action,Potential Areas Affected,Acutec WIP,No,Boolean,FALSE,FALSE,FALSE,0,Null
107,3.Containment and Immediate Action,Potential Areas Affected,Acutec Stock,No,Boolean,FALSE,FALSE,FALSE,0,Null
108,3.Containment and Immediate Action,Potential Areas Affected,At Supplier,No,Boolean,FALSE,FALSE,FALSE,0,Null
109,3.Containment and Immediate Action,Potential Areas Affected,In Transit,No,Boolean,FALSE,FALSE,FALSE,0,Null
110,3.Containment and Immediate Action,Potential Areas Affected,Consignment,No,Boolean,FALSE,FALSE,FALSE,0,Null
111,3.Containment and Immediate Action,Potential Areas Affected,Distributor,No,Boolean,FALSE,FALSE,FALSE,0,Null
112,3.Containment and Immediate Action,Potential Areas Affected,Enter Location,No,Boolean,FALSE,FALSE,FALSE,0,Null
113,3.Containment and Immediate Action,Potential Areas Affected,Enter Location,No,Boolean,FALSE,FALSE,FALSE,0,Null
114,3.Containment and Immediate Action,Potential Areas Affected,Enter Location,No,Boolean,FALSE,FALSE,FALSE,0,Null
115,3.Containment and Immediate Action,Potential Areas Affected,Enter Location,No,Boolean,FALSE,FALSE,FALSE,0,Null
116,3.Containment and Immediate Action,Containment Action Quantity,At Customer,Quantity,Integer,0,FALSE,FALSE,0,Null
117,3.Containment and Immediate Action,Containment Action Quantity,Acutec WIP,Quantity,Integer,0,FALSE,FALSE,0,Null
118,3.Containment and Immediate Action,Containment Action Quantity,Acutec Stock,Quantity,Integer,0,FALSE,FALSE,0,Null
119,3.Containment and Immediate Action,Containment Action Quantity,At Supplier,Quantity,Integer,0,FALSE,FALSE,0,Null
120,3.Containment and Immediate Action,Containment Action Quantity,In Transit,Quantity,Integer,0,FALSE,FALSE,0,Null
121,3.Containment and Immediate Action,Containment Action Quantity,Consignment,Quantity,Integer,0,FALSE,FALSE,0,Null
122,3.Containment and Immediate Action,Containment Action Quantity,Distributor,Quantity,Integer,0,FALSE,FALSE,0,Null
123,3.Containment and Immediate Action,Containment Action Quantity,Enter Location,Quantity,Integer,0,FALSE,FALSE,0,Null
124,3.Containment and Immediate Action,Containment Action Quantity,Enter Location,Quantity,Integer,0,FALSE,FALSE,0,Null
125,3.Containment and Immediate Action,Containment Action Quantity,Enter Location,Quantity,Integer,0,FALSE,FALSE,0,Null
126,3.Containment and Immediate Action,Containment Action Quantity,Enter Location,Quantity,Integer,0,FALSE,FALSE,0,Null
127,3.Containment and Immediate Action,Containment Action Taken,At Customer,Action Taken,String,0,FALSE,FALSE,0,Null
128,3.Containment and Immediate Action,Containment Action Taken,Acutec WIP,Action Taken,String,0,FALSE,FALSE,0,Null
129,3.Containment and Immediate Action,Containment Action Taken,Acutec Stock,Action Taken,String,0,FALSE,FALSE,0,Null
130,3.Containment and Immediate Action,Containment Action Taken,At Supplier,Action Taken,String,0,FALSE,FALSE,0,Null
131,3.Containment and Immediate Action,Containment Action Taken,In Transit,Action Taken,String,0,FALSE,FALSE,0,Null
132,3.Containment and Immediate Action,Containment Action Taken,Consignment,Action Taken,String,0,FALSE,FALSE,0,Null
133,3.Containment and Immediate Action,Containment Action Taken,Distributor,Action Taken,String,0,FALSE,FALSE,0,Null
134,3.Containment and Immediate Action,Containment Action Taken,Enter Location,Action Taken,String,0,FALSE,FALSE,0,Null
135,3.Containment and Immediate Action,Containment Action Taken,Enter Location,Action Taken,String,0,FALSE,FALSE,0,Null
136,3.Containment and Immediate Action,Containment Action Taken,Enter Location,Action Taken,String,0,FALSE,FALSE,0,Null
137,3.Containment and Immediate Action,Containment Action Taken,Enter Location,Action Taken,String,0,FALSE,FALSE,0,Null
138,3.Containment and Immediate Action,Immediate Actions,Action 1,Actions ,String,0,FALSE,FALSE,0,Null
139,3.Containment and Immediate Action,Immediate Actions,Action 2,Actions ,String,0,FALSE,FALSE,0,Null
140,3.Containment and Immediate Action,Immediate Actions,Action 3,Actions ,String,0,FALSE,FALSE,0,Null
141,3.Containment and Immediate Action,Immediate Actions,Action 4,Actions ,String,0,FALSE,FALSE,0,Null
142,3.Containment and Immediate Action,Immediate Actions,Action 5,Actions ,String,0,FALSE,FALSE,0,Null
143,3.Containment and Immediate Action,Immediate Actions,Action 6,Actions ,String,0,FALSE,FALSE,0,Null
144,3.Containment and Immediate Action,Immediate Actions,Action 1,Assigned To,String,0,FALSE,FALSE,0,Null
145,3.Containment and Immediate Action,Immediate Actions,Action 2,Assigned To,String,0,FALSE,FALSE,0,Null
146,3.Containment and Immediate Action,Immediate Actions,Action 3,Assigned To,String,0,FALSE,FALSE,0,Null
147,3.Containment and Immediate Action,Immediate Actions,Action 4,Assigned To,String,0,FALSE,FALSE,0,Null
148,3.Containment and Immediate Action,Immediate Actions,Action 5,Assigned To,String,0,FALSE,FALSE,0,Null
149,3.Containment and Immediate Action,Immediate Actions,Action 6,Assigned To,String,0,FALSE,FALSE,0,Null
150,3.Containment and Immediate Action,Immediate Actions,Action 1,Due Date,Date,1/0/1900,FALSE,FALSE,0,Null
151,3.Containment and Immediate Action,Immediate Actions,Action 2,Due Date,Date,1/0/1900,FALSE,FALSE,0,Null
152,3.Containment and Immediate Action,Immediate Actions,Action 3,Due Date,Date,1/0/1900,FALSE,FALSE,0,Null
153,3.Containment and Immediate Action,Immediate Actions,Action 4,Due Date,Date,1/0/1900,FALSE,FALSE,0,Null
154,3.Containment and Immediate Action,Immediate Actions,Action 5,Due Date,Date,1/0/1900,FALSE,FALSE,0,Null
155,3.Containment and Immediate Action,Immediate Actions,Action 6,Due Date,Date,1/0/1900,FALSE,FALSE,0,Null
156,3.Containment and Immediate Action,Immediate Actions,Action 1,Planned Objective Evidence,String,0,FALSE,FALSE,0,Null
157,3.Containment and Immediate Action,Immediate Actions,Action 2,Planned Objective Evidence,String,0,FALSE,FALSE,0,Null
158,3.Containment and Immediate Action,Immediate Actions,Action 3,Planned Objective Evidence,String,0,FALSE,FALSE,0,Null
159,3.Containment and Immediate Action,Immediate Actions,Action 4,Planned Objective Evidence,String,0,FALSE,FALSE,0,Null
160,3.Containment and Immediate Action,Immediate Actions,Action 5,Planned Objective Evidence,String,0,FALSE,FALSE,0,Null
161,3.Containment and Immediate Action,Immediate Actions,Action 6,Planned Objective Evidence,String,0,FALSE,FALSE,0,Null
162,4.Determine Root Causes,Why Analysis,N/A,Complete,Boolean,FALSE,FALSE,FALSE,0,Null
163,4.Determine Root Causes,Why Analysis,N/A,N/A,Boolean,FALSE,FALSE,FALSE,0,Null
164,4.Determine Root Causes,Why Analysis,N/A,Attached,Boolean,FALSE,FALSE,FALSE,0,Null
165,4.Determine Root Causes,Why Analysis,Specific Nonconformance,Field 1,String,0,FALSE,FALSE,0,Null
166,4.Determine Root Causes,Why Analysis,Specific Nonconformance,Field 2,String,0,FALSE,FALSE,0,Null
167,4.Determine Root Causes,Why Analysis,Specific Nonconformance,Field 3,String,0,FALSE,FALSE,0,Null
168,4.Determine Root Causes,Why Analysis,Specific Nonconformance,Field 4,String,0,FALSE,FALSE,0,Null
169,4.Determine Root Causes,Why Analysis,Specific Nonconformance,Final,String,0,FALSE,FALSE,0,Null
170,4.Determine Root Causes,Why Analysis,Not Detected,Field 1,String,0,FALSE,FALSE,0,Null
171,4.Determine Root Causes,Why Analysis,Not Detected,Field 2,String,0,FALSE,FALSE,0,Null
172,4.Determine Root Causes,Why Analysis,Not Detected,Field 3,String,0,FALSE,FALSE,0,Null
173,4.Determine Root Causes,Why Analysis,Not Detected,Field 4,String,0,FALSE,FALSE,0,Null
174,4.Determine Root Causes,Why Analysis,Not Detected,Final,String,0,FALSE,FALSE,0,Null
175,4.Determine Root Causes,Why Analysis,Systemic,Field 1,String,0,FALSE,FALSE,0,Null
176,4.Determine Root Causes,Why Analysis,Systemic,Field 2,String,0,FALSE,FALSE,0,Null
177,4.Determine Root Causes,Why Analysis,Systemic,Field 3,String,0,FALSE,FALSE,0,Null
178,4.Determine Root Causes,Why Analysis,Systemic,Field 4,String,0,FALSE,FALSE,0,Null
179,4.Determine Root Causes,Why Analysis,Systemic,Final,String,0,FALSE,FALSE,0,Null
180,4.Determine Root Causes,Additional Tools,Cause Effect Diagram,Complete,Boolean,FALSE,FALSE,FALSE,0,Null
181,4.Determine Root Causes,Additional Tools,Pareto Chart,Complete,Boolean,FALSE,FALSE,FALSE,0,Null
182,4.Determine Root Causes,Additional Tools,Future Expansion 1,Complete,Boolean,FALSE,FALSE,FALSE,0,Null
183,4.Determine Root Causes,Additional Tools,Future Expansion 2,Complete,Boolean,FALSE,FALSE,FALSE,0,Null
184,4.Determine Root Causes,Additional Tools,Future Expansion 3,Complete,Boolean,FALSE,FALSE,FALSE,0,Null
185,4.Determine Root Causes,Additional Tools,Cause Effect Diagram,N/A,Boolean,FALSE,FALSE,FALSE,0,Null
186,4.Determine Root Causes,Additional Tools,Pareto Chart,N/A,Boolean,FALSE,FALSE,FALSE,0,Null
187,4.Determine Root Causes,Additional Tools,Future Expansion 1,N/A,Boolean,FALSE,FALSE,FALSE,0,Null
188,4.Determine Root Causes,Additional Tools,Future Expansion 2,N/A,Boolean,FALSE,FALSE,FALSE,0,Null
189,4.Determine Root Causes,Additional Tools,Future Expansion 3,N/A,Boolean,FALSE,FALSE,FALSE,0,Null
190,4.Determine Root Causes,Additional Tools,Flow Diagram,N/A,Boolean,FALSE,FALSE,FALSE,0,Null
191,4.Determine Root Causes,Additional Tools,Gage R&R,N/A,Boolean,FALSE,FALSE,FALSE,0,Null
192,4.Determine Root Causes,Additional Tools,Capability Analysis,N/A,Boolean,FALSE,FALSE,FALSE,0,Null
193,4.Determine Root Causes,Additional Tools,Cause Effect Diagram,Attached,Boolean,FALSE,FALSE,FALSE,0,Null
194,4.Determine Root Causes,Additional Tools,Pareto Chart,Attached,Boolean,FALSE,FALSE,FALSE,0,Null
195,4.Determine Root Causes,Additional Tools,Future Expansion 1,Attached,Boolean,FALSE,FALSE,FALSE,0,Null
196,4.Determine Root Causes,Additional Tools,Future Expansion 2,Attached,Boolean,FALSE,FALSE,FALSE,0,Null
197,4.Determine Root Causes,Additional Tools,Future Expansion 3,Attached,Boolean,FALSE,FALSE,FALSE,0,Null
198,4.Determine Root Causes,Additional Tools,Flow Diagram,Attached,Boolean,FALSE,FALSE,FALSE,0,Null
199,4.Determine Root Causes,Additional Tools,Gage R&R,Attached,Boolean,FALSE,FALSE,FALSE,0,Null
200,4.Determine Root Causes,Additional Tools,Capability Analysis,Attached,Boolean,FALSE,FALSE,FALSE,0,Null
201,4.Determine Root Causes,Cause and Effect,Measurement,Rank,String,0,FALSE,FALSE,0,Null
202,4.Determine Root Causes,Cause and Effect,Materials,Rank,String,0,FALSE,FALSE,0,Null
203,4.Determine Root Causes,Cause and Effect,Methods,Rank,String,0,FALSE,FALSE,0,Null
204,4.Determine Root Causes,Cause and Effect,Environement,Rank,String,0,FALSE,FALSE,0,Null
205,4.Determine Root Causes,Cause and Effect,People,Rank,String,0,FALSE,FALSE,0,Null
206,4.Determine Root Causes,Cause and Effect,Equipment,Rank,String,0,FALSE,FALSE,0,Null
207,4.Determine Root Causes,Pareto,Reason for Nonconformance,Reason 1,String,0,FALSE,FALSE,0,Null
208,4.Determine Root Causes,Pareto,Reason for Nonconformance,Reason 2,String,0,FALSE,FALSE,0,Null
209,4.Determine Root Causes,Pareto,Reason for Nonconformance,Reason 3,String,0,FALSE,FALSE,0,Null
210,4.Determine Root Causes,Pareto,Reason for Nonconformance,Reason 4,String,0,FALSE,FALSE,0,Null
211,4.Determine Root Causes,Pareto,Reason for Nonconformance,Reason 5,String,0,FALSE,FALSE,0,Null
212,4.Determine Root Causes,Pareto,Reason for Nonconformance,Reason 6,String,0,FALSE,FALSE,0,Null
213,4.Determine Root Causes,Pareto,Reason for Nonconformance,Reason 7,String,0,FALSE,FALSE,0,Null
214,4.Determine Root Causes,Pareto,Reason for Nonconformance,Other,String,Other,FALSE,FALSE,0,Null
215,4.Determine Root Causes,Pareto,Frequency of Nonconformance,Reason 1,String,0,FALSE,FALSE,0,Null
216,4.Determine Root Causes,Pareto,Frequency of Nonconformance,Reason 2,String,0,FALSE,FALSE,0,Null
217,4.Determine Root Causes,Pareto,Frequency of Nonconformance,Reason 3,String,0,FALSE,FALSE,0,Null
218,4.Determine Root Causes,Pareto,Frequency of Nonconformance,Reason 4,String,0,FALSE,FALSE,0,Null
219,4.Determine Root Causes,Pareto,Frequency of Nonconformance,Reason 5,String,0,FALSE,FALSE,0,Null
220,4.Determine Root Causes,Pareto,Frequency of Nonconformance,Reason 6,String,0,FALSE,FALSE,0,Null
221,4.Determine Root Causes,Pareto,Frequency of Nonconformance,Reason 7,String,0,FALSE,FALSE,0,Null
222,4.Determine Root Causes,Pareto,Frequency of Nonconformance,Other,String,0,FALSE,FALSE,0,Null
223,4.Determine Root Causes,Pareto,Cumulatative Percentage,Reason 1,String,#DIV/0!,FALSE,FALSE,0,Null
224,4.Determine Root Causes,Pareto,Cumulatative Percentage,Reason 2,String,#DIV/0!,FALSE,FALSE,0,Null
225,4.Determine Root Causes,Pareto,Cumulatative Percentage,Reason 3,String,#DIV/0!,FALSE,FALSE,0,Null
226,4.Determine Root Causes,Pareto,Cumulatative Percentage,Reason 4,String,#DIV/0!,FALSE,FALSE,0,Null
227,4.Determine Root Causes,Pareto,Cumulatative Percentage,Reason 5,String,#DIV/0!,FALSE,FALSE,0,Null
228,4.Determine Root Causes,Pareto,Cumulatative Percentage,Reason 6,String,#DIV/0!,FALSE,FALSE,0,Null
229,4.Determine Root Causes,Pareto,Cumulatative Percentage,Reason 7,String,#DIV/0!,FALSE,FALSE,0,Null
230,4.Determine Root Causes,Pareto,Cumulatative Percentage,Other,String,#DIV/0!,FALSE,FALSE,0,Null
231,4.Determine Root Causes,State Root Causes,Root Cause of Specific Nonconformance,Description,String,0,FALSE,FALSE,0,Null
232,4.Determine Root Causes,State Root Causes,Root Cause of Nonconformance,Root Cause Code,String,0,FALSE,FALSE,0,Null
233,4.Determine Root Causes,State Root Causes,Root Cause the Defect was not Detected,Description,String,0,FALSE,FALSE,0,Null
234,4.Determine Root Causes,State Root Causes,Root Cause the Defect was not Detected,Root Cause Code,String,0,FALSE,FALSE,0,Null
235,4.Determine Root Causes,State Root Causes,Root Cause of the Systemic Nonconformance,Description,String,0,FALSE,FALSE,0,Null
236,4.Determine Root Causes,State Root Causes,Root Cause of the Systemic Nonconformance,Root Cause Code,String,0,FALSE,FALSE,0,Null
237,5.Look Across,Look to see …,Like Parts,Complete,Boolean,FALSE,FALSE,FALSE,0,Null
238,5.Look Across,Look to see …,Like Parts,Description,String,0,FALSE,FALSE,0,Null
239,5.Look Across,Look to see …,Like Processes,Complete,Boolean,FALSE,FALSE,FALSE,0,Null
240,5.Look Across,Look to see …,Like Processes,Description,String,0,FALSE,FALSE,0,Null
241,5.Look Across,Look to see …,Like Plants,Complete,Boolean,FALSE,FALSE,FALSE,0,Null
242,5.Look Across,Look to see …,Like Plants,Description,String,0,FALSE,FALSE,0,Null
243,6.Corrective and Preventive Actions,Document Actions,Action 1,Action,String,0,FALSE,FALSE,0,Null
244,6.Corrective and Preventive Actions,Document Actions,Action 1,Corrective,Boolean,FALSE,FALSE,FALSE,0,Null
245,6.Corrective and Preventive Actions,Document Actions,Action 1,Preventative,Boolean,FALSE,FALSE,FALSE,0,Null
246,6.Corrective and Preventive Actions,Document Actions,Action 1,Assigned To,String,0,FALSE,FALSE,0,Null
247,6.Corrective and Preventive Actions,Document Actions,Action 1,Due Date,Date,1/0/1900,FALSE,FALSE,0,Null
248,6.Corrective and Preventive Actions,Document Actions,Action 1,Planned Objective Evidence,String,0,FALSE,FALSE,0,Null
249,6.Corrective and Preventive Actions,Document Actions,Action 1,Corrective Action Code,String,0,FALSE,FALSE,0,Null
250,6.Corrective and Preventive Actions,Document Actions,Action 2,Action,String,0,FALSE,FALSE,0,Null
251,6.Corrective and Preventive Actions,Document Actions,Action 2,Corrective,Boolean,FALSE,FALSE,FALSE,0,Null
252,6.Corrective and Preventive Actions,Document Actions,Action 2,Preventative,Boolean,FALSE,FALSE,FALSE,0,Null
253,6.Corrective and Preventive Actions,Document Actions,Action 2,Assigned To,String,0,FALSE,FALSE,0,Null
254,6.Corrective and Preventive Actions,Document Actions,Action 2,Due Date,Date,1/0/1900,FALSE,FALSE,0,Null
255,6.Corrective and Preventive Actions,Document Actions,Action 2,Planned Objective Evidence,String,0,FALSE,FALSE,0,Null
256,6.Corrective and Preventive Actions,Document Actions,Action 2,Corrective Action Code,String,0,FALSE,FALSE,0,Null
257,6.Corrective and Preventive Actions,Document Actions,Action 3,Action,String,0,FALSE,FALSE,0,Null
258,6.Corrective and Preventive Actions,Document Actions,Action 3,Corrective,Boolean,FALSE,FALSE,FALSE,0,Null
259,6.Corrective and Preventive Actions,Document Actions,Action 3,Preventative,Boolean,FALSE,FALSE,FALSE,0,Null
260,6.Corrective and Preventive Actions,Document Actions,Action 3,Assigned To,String,0,FALSE,FALSE,0,Null
261,6.Corrective and Preventive Actions,Document Actions,Action 3,Due Date,Date,1/0/1900,FALSE,FALSE,0,Null
262,6.Corrective and Preventive Actions,Document Actions,Action 3,Planned Objective Evidence,String,0,FALSE,FALSE,0,Null
263,6.Corrective and Preventive Actions,Document Actions,Action 3,Corrective Action Code,String,0,FALSE,FALSE,0,Null
264,6.Corrective and Preventive Actions,Document Actions,Action 4,Action,String,0,FALSE,FALSE,0,Null
265,6.Corrective and Preventive Actions,Document Actions,Action 4,Corrective,Boolean,FALSE,FALSE,FALSE,0,Null
266,6.Corrective and Preventive Actions,Document Actions,Action 4,Preventative,Boolean,FALSE,FALSE,FALSE,0,Null
267,6.Corrective and Preventive Actions,Document Actions,Action 4,Assigned To,String,0,FALSE,FALSE,0,Null
268,6.Corrective and Preventive Actions,Document Actions,Action 4,Due Date,Date,1/0/1900,FALSE,FALSE,0,Null
269,6.Corrective and Preventive Actions,Document Actions,Action 4,Planned Objective Evidence,String,0,FALSE,FALSE,0,Null
270,6.Corrective and Preventive Actions,Document Actions,Action 4,Corrective Action Code,String,0,FALSE,FALSE,0,Null
271,6.Corrective and Preventive Actions,Document Actions,Action 5,Action,String,0,FALSE,FALSE,0,Null
272,6.Corrective and Preventive Actions,Document Actions,Action 5,Corrective,Boolean,FALSE,FALSE,FALSE,0,Null
273,6.Corrective and Preventive Actions,Document Actions,Action 5,Preventative,Boolean,FALSE,FALSE,FALSE,0,Null
274,6.Corrective and Preventive Actions,Document Actions,Action 5,Assigned To,String,0,FALSE,FALSE,0,Null
275,6.Corrective and Preventive Actions,Document Actions,Action 5,Due Date,Date,1/0/1900,FALSE,FALSE,0,Null
276,6.Corrective and Preventive Actions,Document Actions,Action 5,Planned Objective Evidence,String,0,FALSE,FALSE,0,Null
277,6.Corrective and Preventive Actions,Document Actions,Action 5,Corrective Action Code,String,0,FALSE,FALSE,0,Null
278,6.Corrective and Preventive Actions,Review and Update,Drawing/Print,Updated,Boolean,FALSE,FALSE,FALSE,0,Null
279,6.Corrective and Preventive Actions,Review and Update,Drawing/Print,N/A,Boolean,FALSE,FALSE,FALSE,0,Null
280,6.Corrective and Preventive Actions,Review and Update,Inspection Plan,Updated,Boolean,FALSE,FALSE,FALSE,0,Null
281,6.Corrective and Preventive Actions,Review and Update,Inspection Plan,N/A,Boolean,FALSE,FALSE,FALSE,0,Null
282,6.Corrective and Preventive Actions,Review and Update,Router,Updated,Boolean,FALSE,FALSE,FALSE,0,Null
283,6.Corrective and Preventive Actions,Review and Update,Router,N/A,Boolean,FALSE,FALSE,FALSE,0,Null
284,6.Corrective and Preventive Actions,Review and Update,Batch Card,Updated,Boolean,FALSE,FALSE,FALSE,0,Null
285,6.Corrective and Preventive Actions,Review and Update,Batch Card,N/A,Boolean,FALSE,FALSE,FALSE,0,Null
286,6.Corrective and Preventive Actions,Review and Update,Process Control Plan,Updated,Boolean,FALSE,FALSE,FALSE,0,Null
287,6.Corrective and Preventive Actions,Review and Update,Process Control Plan,N/A,Boolean,FALSE,FALSE,FALSE,0,Null
288,6.Corrective and Preventive Actions,Review and Update,PFMEA,Updated,Boolean,FALSE,FALSE,FALSE,0,Null
289,6.Corrective and Preventive Actions,Review and Update,PFMEA,N/A,Boolean,FALSE,FALSE,FALSE,0,Null
290,6.Corrective and Preventive Actions,Review and Update,Test Instruction,Updated,Boolean,FALSE,FALSE,FALSE,0,Null
291,6.Corrective and Preventive Actions,Review and Update,Test Instruction,N/A,Boolean,FALSE,FALSE,FALSE,0,Null
292,6.Corrective and Preventive Actions,Review and Update,Work Instruction,Updated,Boolean,FALSE,FALSE,FALSE,0,Null
293,6.Corrective and Preventive Actions,Review and Update,Work Instruction,N/A,Boolean,FALSE,FALSE,FALSE,0,Null
294,6.Corrective and Preventive Actions,Review and Update,Operating Procedure,Updated,Boolean,FALSE,FALSE,FALSE,0,Null
295,6.Corrective and Preventive Actions,Review and Update,Operating Procedure,N/A,Boolean,FALSE,FALSE,FALSE,0,Null
296,6.Corrective and Preventive Actions,Review and Update,Process Flow Diagram,Updated,Boolean,FALSE,FALSE,FALSE,0,Null
297,6.Corrective and Preventive Actions,Review and Update,Process Flow Diagram,N/A,Boolean,FALSE,FALSE,FALSE,0,Null
298,6.Corrective and Preventive Actions,Review and Update,PPAP,Updated,Boolean,FALSE,FALSE,FALSE,0,Null
299,6.Corrective and Preventive Actions,Review and Update,PPAP,N/A,Boolean,FALSE,FALSE,FALSE,0,Null
300,6.Corrective and Preventive Actions,Review and Update,Frozen Planning,Updated,Boolean,FALSE,FALSE,FALSE,0,Null
301,6.Corrective and Preventive Actions,Review and Update,Frozen Planning,N/A,Boolean,FALSE,FALSE,FALSE,0,Null
302,6.Corrective and Preventive Actions,Review and Update,First Article,Updated,Boolean,FALSE,FALSE,FALSE,0,Null
303,6.Corrective and Preventive Actions,Review and Update,First Article,N/A,Boolean,FALSE,FALSE,FALSE,0,Null
304,6.Corrective and Preventive Actions,Review and Update,Other Document 1,Updated,Boolean,FALSE,FALSE,FALSE,0,Null
305,6.Corrective and Preventive Actions,Review and Update,Other Document 1,N/A,Boolean,FALSE,FALSE,FALSE,0,Null
306,6.Corrective and Preventive Actions,Review and Update,Other Document 2,Updated,Boolean,FALSE,FALSE,FALSE,0,Null
307,6.Corrective and Preventive Actions,Review and Update,Other Document 2,N/A,Boolean,FALSE,FALSE,FALSE,0,Null
308,6.Corrective and Preventive Actions,Review and Update,Manufacturing Procedure/Instruction,Updated,Boolean,FALSE,FALSE,FALSE,0,Null
309,6.Corrective and Preventive Actions,Review and Update,Manufacturing Procedure/Instruction,N/A,Boolean,FALSE,FALSE,FALSE,0,Null
310,7.Verify the Solution,Document Actions,Action 1,Action,String,0,FALSE,FALSE,0,Null
311,7.Verify the Solution,Document Actions,Action 1,Assigned To,String,0,FALSE,FALSE,0,Null
312,7.Verify the Solution,Document Actions,Action 1,Due Date,Date,1/0/1900,FALSE,FALSE,0,Null
313,7.Verify the Solution,Document Actions,Action 2,Action,String,0,FALSE,FALSE,0,Null
314,7.Verify the Solution,Document Actions,Action 2,Assigned To,String,0,FALSE,FALSE,0,Null
315,7.Verify the Solution,Document Actions,Action 2,Due Date,Date,1/0/1900,FALSE,FALSE,0,Null
316,7.Verify the Solution,Document Actions,Action 3,Action,String,0,FALSE,FALSE,0,Null
317,7.Verify the Solution,Document Actions,Action 3,Assigned To,String,0,FALSE,FALSE,0,Null
318,7.Verify the Solution,Document Actions,Action 3,Due Date,Date,1/0/1900,FALSE,FALSE,0,Null
319,7.Verify the Solution,Document Actions,Action 4,Action,String,0,FALSE,FALSE,0,Null
320,7.Verify the Solution,Document Actions,Action 4,Assigned To,String,0,FALSE,FALSE,0,Null
321,7.Verify the Solution,Document Actions,Action 4,Due Date,Date,1/0/1900,FALSE,FALSE,0,Null
322,7.Verify the Solution,Document Actions,Action 5,Action,String,0,FALSE,FALSE,0,Null
323,7.Verify the Solution,Document Actions,Action 5,Assigned To,String,0,FALSE,FALSE,0,Null
324,7.Verify the Solution,Document Actions,Action 5,Due Date,Date,1/0/1900,FALSE,FALSE,0,Null
325,8.Obtain Approval and Support,Approvals,Team Leader,Signature,String,0,FALSE,FALSE,0,Null
326,8.Obtain Approval and Support,Approvals,Team Leader,Date,Date,1/0/1900,FALSE,FALSE,0,Null
327,8.Obtain Approval and Support,Approvals,Team Leader,Contact Info,String,0,FALSE,FALSE,0,Null
328,8.Obtain Approval and Support,Approvals,Quality Manager,Signature,String,0,FALSE,FALSE,0,Null
329,8.Obtain Approval and Support,Approvals,Quality Manager,Date,Date,1/0/1900,FALSE,FALSE,0,Null
330,8.Obtain Approval and Support,Approvals,Quality Manager,Contact Info,String,0,FALSE,FALSE,0,Null
331,8.Obtain Approval and Support,Approvals,Additional Approval,Signature,String,0,FALSE,FALSE,0,Null
332,8.Obtain Approval and Support,Approvals,Additional Approval,Date,Date,1/0/1900,FALSE,FALSE,0,Null
333,8.Obtain Approval and Support,Approvals,Additional Approval,Contact Info,String,0,FALSE,FALSE,0,Null
,,,,,,,,,,
,,,,,,,,,,
,,,,,,,,,,
,,,,,,,,,,
,,,,,,,,,,
,,,,,,,,,,
,,,,,,,,,,
,,,,,,,,,,
,,,,,,,,,,
,,,,,,,,,,
,,,,,,,,,,
,,,,,,,,,,
,,,,,,,,,,
,,,,,,,,,,
